Title,Aircraft_Type,Registration,Flight_Number,Incident_Date,Location,Origin,Destination,Cause,Incident_Type,Published_Date,Description
"Indigo A20N at Amritsar on Feb 5th 2023, engine shut down in flight",A20N,VT-ISE,6E-5926,Feb 5th 2023,Amritsar,Amritsar,Kolkata,engine shut down in flight,Incident,"Jan 20, 2026","An Indigo Airbus A320-200N, registration VT-ISE performing flight 6E-5926 from Amritsar to Kolkata (India) with 122 passengers and 6 crew, was…"
"Indigo A21N at Gorakhpur on Jan 11th 2026, bird strike",A21N,VT-IMR,6E-437,Jan 11th 2026,Gorakhpur,Gorakhpur,Bangalore,bird strike,Incident,"Jan 12, 2026","An Indigo Airbus A321-200N, registration VT-IMR performing flight 6E-437 from Gorakhpur to Bangalore (India) with 216 people on board, was climbing…"
"Indigo AT72 at Ranchi on Dec 12th 2025, tail strike on landing",AT72,VT-IRN,6E-7361,Dec 12th 2025,Ranchi,Bhubaneswar,Ranchi,tail strike on landing,Accident,"Dec 13, 2025","An Indigo Avions de Transport Regional ATR-72-212A, registration VT-IRN performing flight 6E-7361 from Bhubaneswar to Ranchi (India) with 56 people…"
"Indigo B789 at Amsterdam on Nov 26th 2026, technical issue with landing gear",B789,LN-LNR,6E-22,Nov 26th 2026,Amsterdam,Amsterdam,Mumbai,technical issue with landing gear,Incident,"Nov 26, 2025","An Indigo Boeing 787-9, registration LN-LNR performing flight 6E-22 from Amsterdam (Netherlands) to Mumbai (India), was climbing out of Amsterdam's…"
"Indigo A20N near Varanasi on Oct 22nd 2025, fuel leak",A20N,VT-ITR,6E-6961,Oct 22nd 2025,Varanasi,Kolkata,Srinagar,fuel leak,Incident,"Oct 22, 2025","An Indigo Airbus A320-200N, registration VT-ITR performing flight 6E-6961 from Kolkata to Srinagar (India) with 166 people on board, was enroute at…"
"Indigo AT72 at Chennai on Oct 10th 2025, cracked windshield",AT72,VT-IYP,6E-7253,Oct 10th 2025,Chennai,Madurai,Chennai,cracked windshield,Incident,"Oct 12, 2025","An Indigo Avions de Transport Regional ATR-72-212A, registration VT-IYP performing flight 6E-7253 from Madurai to Chennai (India) with 76 people on…"
"Indigo A21N at Vishakhapatnam on Sep 9th 2025, severe engine vibrations",A21N,VT-IUV,6E-2776,Sep 9th 2025,Vishakhapatnam,Vishakhapatnam,Delhi,severe engine vibrations,Incident,"Sep 15, 2025","An Indigo Airbus A321-200N, registration VT-IUV performing flight 6E-2776 from Vishakhapatnam to Delhi (India), was climbing out of Vishakhapatnam's…"
"Indigo A320 at Lucknow on Sep 13th 2025, rejected takeoff due to engine trouble",A320,VT-IFI,6E-2111,Sep 13th 2025,Lucknow,Lucknow,Delhi,rejected takeoff due to engine trouble,Incident,"Sep 14, 2025","An Indigo Airbus A320-200, registration VT-IFI performing flight 6E-2111 from Lucknow to Delhi (India) with 151 people on board, was accelerating for…"
"Indigo A21N at Mumbai on Aug 16th 2025, tail strike on go around",A21N,VT-ICM,6E-1060,Aug 16th 2025,Mumbai,Bangkok,Mumbai,tail strike on go around,Accident,"Aug 16, 2025","An Indigo Airbus A321-200N, registration VT-ICM performing flight 6E-1060 (dep Aug 15th) from Bangkok (Thailand) to Mumbai (India), was landing on…"
"Indigo A20N at Singapore on Aug 8th 2025, locked flaps",A20N,VT-IZE,6E-1007,Aug 8th 2025,Singapore,Tiruchirapalli,Singapore,locked flaps,Incident,"Aug 10, 2025","An Indigo Airbus A320-200N, registration VT-IZE performing flight 6E-1007 (dep Aug 7th) from Tiruchirapalli (India) to Singapore (Singapore), was…"
"Indigo AT72 at Chennai on Aug 6th 2025, rejected takeoff due to engine problem",AT72,VT-IRB,6E-7298,Aug 6th 2025,Chennai,Chennai,Tiruchirappalli,rejected takeoff due to engine problem,Incident,"Aug 6, 2025","An Indigo Avions de Transport Regional ATR-72-212A, registration VT-IRB performing flight 6E-7298 from Chennai to Tiruchirappalli (India) with 68…"
"Indigo AT72 at Ahmedabad on Jul 23rd 2025, rejected takeoff due to engine fire indication",AT72,VT-IYA,6E-7966,Jul 23rd 2025,Ahmedabad,Ahmedabad,Diu,rejected takeoff due to engine fire indication,Incident,"Jul 23, 2025","An Indigo Avions de Transport Regional ATR-72-212A, registration VT-IYA performing flight 6E-7966 from Ahmedabad to Diu (India) with 70 people on…"
"Indigo A20N at Indore on Jul 21st 2025, hydraulic problem",A20N,VT-IIR,6E-813,Jul 21st 2025,Indore,Goa,Indore,hydraulic problem,Incident,"Jul 22, 2025","An Indigo Airbus A320-200N, registration VT-IIR performing flight 6E-813 from Goa to Indore (India) with 140 people on board, was on approach to…"
"Indigo A20N near Mumbai on Jul 16th 2025, engine shut down in flight",A20N,VT-IZB,6E-6271,Jul 16th 2025,Mumbai,Delhi,Goa,engine shut down in flight,Incident,"Jul 16, 2025","An Indigo Airbus A320-200N, registration VT-IZB performing flight 6E-6271 from Delhi to Goa (India) with 173 people on board, was enroute at FL340…"
"Indigo AT72 at Hubli on Jun 14th 2021, burst tyres on landing",AT72,VT-IYX,6E-7979,Jun 14th 2021,Hubli,Kannur,Hubli,burst tyres on landing,Accident,"Jul 11, 2025","An Indigo Avions de Transport Regional ATR-72-212A, registration VT-IYX performing flight 6E-7979 from Kannur to Hubli (India) with 7 passengers and…"
"Indigo A20N at Chennai on Jun 14th 2025, tail strike on landing",A20N,VT-IPZ,6E-6174,Jun 14th 2025,Chennai,Hyderabad,Chennai,tail strike on landing,Accident,"Jun 16, 2025","An Indigo Airbus A320-200N, registration VT-IPZ performing flight 6E-6174 from Hyderabad to Chennai (India), landed on Chennai's runway 25 at 23:21L…"
"Indigo A320 at Kolkata on Jun 8th 2025, rejected takeoff due to engine failure",A320,VT-IAX,6E-245,Jun 8th 2025,Kolkata,Kolkata,Ahmedabad,rejected takeoff due to engine failure,Incident,"Jun 9, 2025","An Indigo Airbus A320-200, registration VT-IAX performing flight 6E-245 from Kolkata to Ahmedabad (India), was accelerating for takeoff from…"
"Indigo A20N at Ranchi on Jun 2nd 2025, bird strike",A20N,VT-IZH,6E-6902,Jun 2nd 2025,Ranchi,Patna,Ranchi,bird strike,Incident,"Jun 2, 2025","An Indigo Airbus A320-200N, registration VT-IZH performing flight 6E-6902 from Patna to Ranchi (India) with 175 people on board, was on approach to…"
"Indigo A21N at Srinagar on May 21st 2025, hail strike",A21N,VT-IMD,6E-2142,May 21st 2025,Srinagar,Delhi,Srinagar,hail strike,Incident,"May 24, 2025","An Indigo Airbus A321-200N, registration VT-IMD performing flight 6E-2142 from Delhi to Srinagar (India) with 227 people on board, was descending…"
"Indigo AT72 at Chandigarh on May 2nd 2025, both engines temporarily flamed out",AT72,VT-IRA,6E-7742,May 2nd 2025,Chandigarh,Jaipur,Chandigarh,both engines temporarily flamed out,Incident,"May 3, 2025","An Indigo Avions de Transport Regional ATR-72-212A, registration VT-IRA performing flight 6E-7742 from Jaipur to Chandigarh (India), was descending…"
"Indigo A21N at Chennai on Mar 8th 2025, tail strike on landing",A21N,VT-IBI,6E-5325,Mar 8th 2025,Chennai,Mumbai,Chennai,tail strike on landing,Accident,"Mar 12, 2025","An Indigo Airbus A321-200N, registration VT-IBI performing flight 6E-5325 from Mumbai to Chennai (India) with 186 people on board, landed on…"
"Indigo A21N at Delhi on Sep 9th 2024, tailstrike on departure, flight continued to destination",A21N,VT-IBI,6E-6054,Sep 9th 2024,Delhi,Delhi,Bangalore,"tailstrike on departure, flight continued to destination",Accident,"Oct 5, 2024","An Indigo Airbus A321-200N, registration VT-IBI performing flight 6E-6054 from Delhi to Bangalore (India), departed Delhi's runway 09 but struck its…"
"Indigo A20N near Lucknow on Jul 12th 2024, engine shut down in flight",A20N,VT-IZI,6E-5194,Jul 12th 2024,Lucknow,Gorakhpur,Mumbai,engine shut down in flight,Incident,"Jul 16, 2024","An Indigo Airbus A320-200N, registration VT-IZI performing flight 6E-5194 from Gorakhpur to Mumbai (India) with 186 passengers and 6 crew, was…"
"Indigo A20N at Delhi on Feb 11th 2024, runway excursion after landing",A20N,VT-IZN,6E-2221,Feb 11th 2024,Delhi,Amritsar,Delhi,runway excursion after landing,Incident,"Feb 12, 2024","An Indigo Airbus A320-200N, registration VT-IZN performing flight 6E-2221 from Amritsar to Delhi (India), landed on Delhi's runway 28, slowed to taxi…"
"Indigo A21N at Delhi on Feb 9th 2024, momentary foul odour on board",A21N,VT-IBN,6E-449,Feb 9th 2024,Delhi,Delhi,Mumbai,momentary foul odour on board,Incident,"Feb 11, 2024","An Indigo Airbus A321-200N, registration VT-IBN performing flight 6E-449 from Delhi to Mumbai (India), was climbing out of Delhi's runway 28 when the…"
"Indigo A320 at Patna on Jan 3rd 2023, could not retract nose gear",A320,VT-IFN,6E-2074,Jan 3rd 2023,Patna,Patna,Delhi,could not retract nose gear,Incident,"Jan 3, 2024","An Indigo Airbus A320-200, registration VT-IFN performing flight 6E-2074 from Patna to Delhi (India) with 187 people on board, was climbing out of…"
"Indigo A21N at Singapore on Oct 18th 2023, luggage was not unloaded from previous flight",A21N,VT-IMC,6E-1006,Oct 18th 2023,Singapore,Singapore,Bangalore,luggage was not unloaded from previous flight,Incident,"Oct 19, 2023","An Indigo Airbus A321-200N, registration VT-IMC performing flight 6E-1006 from Singapore (Singapore) to Bangalore (India), was climbing out of…"
"Indigo A320 near Mumbai on Mar 21st 2022, uncleared descent causes loss of separation",A320,VT-IAY,6E-6261,Mar 21st 2022,Mumbai,Delhi,Mumbai,uncleared descent causes loss of separation,Report,"Oct 6, 2023","An Indigo Airbus A320-200, registration VT-IAY performing flight 6E-6261 from Delhi to Mumbai (India), was nearing Mumbai at FL380 and had just…"
"Indigo A20N near Delhi on Sep 16th 2023, hydraulic failure",A20N,VT-IPY,6E-93,Sep 16th 2023,Delhi,Lucknow,Abu Dhabi,hydraulic failure,Incident,"Sep 17, 2023","An Indigo Airbus A320-200N, registration VT-IPY performing flight 6E-93 from Lucknow (India) to Abu Dhabi (United Arab Emirates) with 150 people on…"
"Indigo A21N at Jeddah on Aug 23rd 2023, engine shut down in flight, smoke in cockpit",A21N,VT-IUD,6E-66,Aug 23rd 2023,Jeddah,Jeddah,Kozhikode,"engine shut down in flight, smoke in cockpit",Incident,"Sep 8, 2023","An Indigo Airbus A321-200N, registration VT-IUD performing flight 6E-66 from Jeddah (Saudi Arabia) to Kozhikode (India), was climbing out of Jeddah's…"
"Indigo A21N at Bhubaneswar on Sep 4th 2023, bird strike",A21N,VT-IUO,6E-2065,Sep 4th 2023,Bhubaneswar,Bhubaneswar,Delhi,bird strike,Incident,"Sep 4, 2023","An Indigo Airbus A321-200N, registration VT-IUO performing flight 6E-2065 from Bhubaneswar to Delhi (India), was climbing out of Bhubaneswar's runway…"
"Indigo A21N at Kolkata on Aug 29th 2023, engine shut down in flight",A21N,VT-IUF,6E-455,Aug 29th 2023,Kolkata,Kolkata,Bangalore,engine shut down in flight,Incident,"Aug 30, 2023","An Indigo Airbus A321-200N, registration VT-IUF performing flight 6E-455 from Kolkata to Bangalore (India), was climbing out of Kolkata when the crew…"
"Indigo A21N near Mumbai on Aug 29th 2023, engine shut down in flight",A21N,VT-IUJ,6E-2012,Aug 29th 2023,Mumbai,Madurai,Mumbai,engine shut down in flight,Incident,"Aug 30, 2023","An Indigo Airbus A321-200N, registration VT-IUJ performing flight 6E-2012 from Madurai to Mumbai (India), was descending towards Mumbai when the crew…"
"Indigo A20N at Patna on Aug 4th 2023, engine failure",A20N,VT-IIG,6E-2433,Aug 4th 2023,Patna,Patna,Delhi,engine failure,Incident,"Aug 4, 2023","An Indigo Airbus A320-200N, registration VT-IIG performing flight 6E-2433 from Patna to Delhi (India) with 181 passengers and 8 crew, was climbing…"
"Indigo A21N at Ahmedabad on Jun 15th 2023, tail strike on landing",A21N,VT-IMW,6E-6595,Jun 15th 2023,Ahmedabad,Bangalore,Ahmedabad,tail strike on landing,Accident,"Jun 15, 2023","An Indigo Airbus A321-200N, registration VT-IMW performing flight 6E-6595 from Bangalore to Ahmedabad (India), landed on Ahmedabad's runway 23 but…"
"Indigo A21N at Delhi on Jun 11th 2023, tail strike on balked landing",A21N,VT-IMG,6E-6183,Jun 11th 2023,Delhi,Kolkata,Delhi,tail strike on balked landing,Accident,"Jun 13, 2023","An Indigo Airbus A321-200N, registration VT-IMG performing flight 6E-6183 from Kolkata to Delhi (India), was on final approach to Delhi's runway 27…"
"Indigo A21N at Delhi on Jun 10th 2023, engine failure",A21N,VT-ILN,6E-2789,Jun 10th 2023,Delhi,Delhi,Chennai,engine failure,Incident,"Jun 11, 2023","An Indigo Airbus A321-200N, registration VT-ILN performing flight 6E-2789 from Delhi to Chennai (India) with 230 people on board, was climbing out of…"
"Indigo A20N at Guwahati on Jun 4th 2023, engine problem",A20N,VT-IZF,6E-2652,Jun 4th 2023,Guwahati,Guwahati,Dibrugarh,engine problem,Incident,"Jun 4, 2023","An Indigo Airbus A320-200N, registration VT-IZF performing flight 6E-2652 from Guwahati to Dibrugarh (India) with about 150 people on board, was…"
"Indigo A20N at Mangalore on May 25th 2023, rejected takeoff due to bird strike",A20N,VT-ISY,6E-1467,May 25th 2023,Mangalore,Mangalore,Dubai,rejected takeoff due to bird strike,Incident,"May 25, 2023","An Indigo Airbus A320-200N, registration VT-ISY performing flight 6E-1467 from Mangalore (India) to Dubai (United Arab Emirates) with 160 people on…"
"Indigo A320 at Delhi on Oct 28th 2022, rejected takeoff due to engine failure",A320,VT-IFM,6E-2131,Oct 28th 2022,Delhi,Delhi,Bangalore,rejected takeoff due to engine failure,Incident,"May 24, 2023","An Indigo Airbus A320-200, registration VT-IFM performing flight 6E-2131 from Delhi to Bangalore (India) with 177 passengers and 7 crew, was…"
"Indigo A320 near Medan on May 9th 2023, smell of smoke in cabin",A320,VT-IAN,6E-1007,May 9th 2023,Medan,Tiruchirappalli,Singapore,smell of smoke in cabin,Incident,"May 10, 2023","An Indigo Airbus A320-200, registration VT-IAN performing flight 6E-1007 from Tiruchirappalli (India) to Singapore (Singapore), was enroute at FL350…"
"Indigo A21N at Nagpur on Apr 14th 2023, tail strike on landing",A21N,VT-IML,6E-203,Apr 14th 2023,Nagpur,Mumbai,Nagpur,tail strike on landing,Accident,"Apr 17, 2023","An Indigo Airbus A321-200N, registration VT-IML performing flight 6E-203 from Mumbai to Nagpur (India) with 225 passengers and 7 crew, landed on…"
"Indigo A20N near Hyderabad on Mar 18th 2023, hail strike",A20N,VT-ITA,6E-6594,Mar 18th 2023,Hyderabad,Ahmedabad,Hyderabad,hail strike,Incident,"Mar 19, 2023","An Indigo Airbus A320-200N, registration VT-ITA performing flight 6E-6594 from Ahmedabad to Hyderabad (India), was descending towards Hyderabad when…"
"Indigo A20N at Surat on Feb 26th 2023, bird strike",A20N,VT-IZI,6E-646,Feb 26th 2023,Surat,Surat Guajarat,Delhi,bird strike,Incident,"Feb 27, 2023","An Indigo Airbus A320-200N, registration VT-IZI performing flight 6E-646 from Surat Guajarat to Delhi (India), was climbing out of Surat's runway 04…"
"Indigo A21N at Kolkata on Jan 2nd 2023, tail strike",A21N,VT-ILR,6E-1859,Jan 2nd 2023,Kolkata,Dhaka,Kolkata,tail strike,Accident,"Jan 5, 2023","An Indigo Airbus A321-200N, registration VT-ILR performing flight 6E-1859 from Dhaka (Bangladesh) to Kolkata (India) with 173 people on board,…"
"Indigo A21N at Delhi on Jan 3rd 2023, hydraulic failure",A21N,VT-ILM,6E-1763,Jan 3rd 2023,Delhi,Delhi,Phuket,hydraulic failure,Incident,"Jan 3, 2023","An Indigo Airbus A321-200N, registration VT-ILM performing flight 6E-1763 from Delhi (India) to Phuket (Thailand), was climbing out of runway 28 when…"
"Indigo A20N near Mumbai on Dec 2nd 2022, hydraulic failure",A20N,VT-ISQ,6E-1715,Dec 2nd 2022,Mumbai,Kannur,Doha,hydraulic failure,Incident,"Dec 2, 2022","An Indigo Airbus A320-200N, registration VT-ISQ performing flight 6E-1715 from Kannur (India) to Doha (Qatar), was enroute at FL360 about 190nm…"
"Indigo A20N at Bhopal on Sep 5th 2022, rejected takeoff due to engine problem",A20N,VT-IJM,6E-829,Sep 5th 2022,Bhopal,Bhopal,Mumbai,rejected takeoff due to engine problem,Incident,"Sep 6, 2022","An Indigo Airbus A320-200N, registration VT-IJM performing flight 6E-829 from Bhopal to Mumbai (India), had backtracked runway 30 and was spooling…"
"Indigo A20N near Kolkata on Aug 21st 2022, temporary cargo smoke indication",A20N,VT-IJA,6E-2513,Aug 21st 2022,Kolkata,Delhi,Kolkata,temporary cargo smoke indication,Incident,"Aug 22, 2022","An Indigo Airbus A320-200N, registration VT-IJA performing flight 6E-2513 from Delhi to Kolkata (India) with 165 passengers and 6 crew, was enroute…"
"Indigo A20N near Karachi on Jul 17th 2022, engine trouble",A20N,VT-IJK,6E-1406,Jul 17th 2022,Karachi,Sharjah,Hyderabad,engine trouble,Incident,"Jul 17, 2022","An Indigo Airbus A320-200N, registration VT-IJK performing flight 6E-1406 (dep Jul 16th) from Sharjah (United Arab Emirates) to Hyderabad (India)…"
"Indigo A20N near Jaipur on Jul 14th 2022, engine vibrations",A20N,VT-ITP,6E-859,Jul 14th 2022,Jaipur,Delhi,Vadodara,engine vibrations,Incident,"Jul 15, 2022","An Indigo Airbus A320-200N, registration VT-ITP performing flight 6E-859 from Delhi to Vadodara (India), was climbing out of Delhi when the crew…"
"Indigo A20N at Guwahati on Jun 19th 2022, bird strike",A20N,VT-ITB,6E-6394,Jun 19th 2022,Guwahati,Guwahati,Delhi,bird strike,Incident,"Jun 20, 2022","An Indigo Airbus A320-200N, registration VT-ITB performing flight 6E-6394 from Guwahati to Delhi (India), was climbing out of Guwahati's runway 02…"
"Indigo A20N and A20N at Bangalore on Jan 7th 2022, loss of separation due to ATC error",A20N,VT-ISV,6E-246,Jan 7th 2022,Bangalore,Bangalore,Bhubaneswar,loss of separation due to ATC error,Incident,"May 31, 2022","An Indigo Airbus A320-200N, registration VT-ISV performing flight 6E-246 from Bangalore to Bhubaneswar (India), was cleared for takeoff from…"
"Indigo AT72 at Nagpur on Apr 4th 2022, smell of smoke on board",AT72,VT-IYW,6E-7074,Apr 4th 2022,Nagpur,Nagpur,Lucknow,smell of smoke on board,Incident,"Apr 4, 2022","An Indigo Avions de Transport Regional ATR-72-212A, registration VT-IYW performing flight 6E-7074 from Nagpur to Lucknow (India) with 54 people on…"
"Indigo A20N at Mumbai and Abu Dhabi on Dec 12th 2021, involuntary stowaway",A20N,VT-IIJ,6E-1835,Dec 12th 2021,Mumbai and Abu Dhabi,Mumbai,Abu Dhabi,involuntary stowaway,Incident,"Dec 14, 2021","An Indigo Airbus A320-200N, registration VT-IIJ performing flight 6E-1835 from Mumbai (India) to Abu Dhabi (United Arab Emirates), was preparing for…"
"Indigo A20N at Guwahati on Sep 5th 2021, bird strike",A20N,VT-IZF,6E-2329,Sep 5th 2021,Guwahati,Guwahati,Delhi,bird strike,Incident,"Sep 7, 2021","An Indigo Airbus A320-200N, registration VT-IZF performing flight 6E-2329 from Guwahati to Delhi (India), was climbing out of Guwahati's runway 20…"
"Indigo A20N near Bangalore on Apr 2nd 2021, loss of cabin pressure",A20N,VT-ITM,6E-6654,Apr 2nd 2021,Bangalore,Lucknow,Bangalore,loss of cabin pressure,Incident,"Apr 5, 2021","An Indigo Airbus A320-200N, registration VT-ITM performing flight 6E-6654 from Lucknow to Bangalore (India), was enroute at FL370 about 160nm north…"
"Indigo A320 at Indore on Feb 16th 2021, cracked windshield",A320,VT-IKB,6E-6195,Feb 16th 2021,Indore,Indore,Chennai,cracked windshield,Incident,"Feb 16, 2021","An Indigo Airbus A320-200, registration VT-IKB performing flight 6E-6195 from Indore to Chennai (India), was climbing out of Indore's runway 25 when…"
"Indigo A20N near Kolkata on Feb 9th 2021, engine trouble",A20N,VT-ISD,6E-291,Feb 9th 2021,Kolkata,Guwahati,Bangalore,engine trouble,Incident,"Feb 9, 2021","An Indigo Airbus A320-200N, registration VT-ISD performing flight 6E-291 from Guwahati to Bangalore (India) with about 100 people on board, was…"
"Indigo A20N near Bhopal on Jan 17th 2021, burning odour on board",A20N,VT-ITH,6E-357,Jan 17th 2021,Bhopal,Surat Gujarat,Kolkata,burning odour on board,Incident,"Jan 19, 2021","An Indigo Airbus A320-200N, registration VT-ITH performing flight 6E-357 from Surat Gujarat to Kolkata (India) with 172 people on board, was enroute…"
"Indigo A320 at Mumbai on Sep 27th 2020, bird strike",A320,VT-IEK,6E-5047,Sep 27th 2020,Mumbai,Mumbai,Delhi,bird strike,Incident,"Sep 27, 2020","An Indigo Airbus A320-200, registration VT-IEK performing flight 6E-5047 from Mumbai to Delhi (India), was climbing out of Mumbai's runway 27 when…"
"Indigo A21N at Delhi on Aug 6th 2020, hard landing",A21N,VT-IUD,6E-2752,Aug 6th 2020,Delhi,Chennai,Delhi,hard landing,Accident,"Sep 15, 2020","An Indigo Airbus A321-200N, registration VT-IUD performing flight 6E-2752 from Chennai to Delhi (India), landed on Delhi's runway 10 at 19:38L…"
"Indigo A20N at Shirdi on Aug 9th 2020, hydraulic problem",A20N,VT-IJE,6E-2019,Aug 9th 2020,Shirdi,Delhi,Shirdi,hydraulic problem,Incident,"Aug 10, 2020","An Indigo Airbus A320-200N, registration VT-IJE performing flight 6E-2019 from Delhi to Shirdi (India) with 64 people on board, was descending…"
"Indigo A20N at Kochi on Jun 14th 2020, turbulence injures flight attendant",A20N,VT-IJT,6E-9371,Jun 14th 2020,Kochi,Dammam,Kochi,turbulence injures flight attendant,Incident,"Jul 6, 2020","An Indigo Airbus A320-200N, registration VT-IJT performing flight 6E-9371 from Dammam (Saudi Arabia) to Kochi (India), was descending towards Kochi…"
"Indigo A320 at Delhi on Feb 1st 2017, runway incursion",A320,VT-IEM,6E-719,Feb 1st 2017,Delhi,Delhi,Vishakhapatnam,runway incursion,Incident,"Jun 16, 2020","An Indigo Airbus A320-200, registration VT-IEM performing flight 6E-719 from Delhi to Vishakhapatnam (India) with 89 passengers and 6 crew, was…"
"Indigo A320 at Male on Feb 3rd 2019, approached runway under construction",A320,VT-INY,6E-1783,Feb 3rd 2019,Male,Mumbai,Male,approached runway under construction,Report,"Jun 9, 2020","An Indigo Airbus A320-200, registration VT-INY performing flight 6E-1783 from Mumbai (India) to Male (Maldives) with 106 people on board, was on…"
"Indigo A20N at Delhi on Oct 26th 2019, engine stalled",A20N,VT-IZT,6E-329,Oct 26th 2019,Delhi,Delhi,Goa,engine stalled,Incident,"Apr 1, 2020","An Indigo Airbus A320-200N, registration VT-IZT performing flight 6E-329 from Delhi to Goa (India), was climbing out of Delhi when the crew stopped…"
"Indigo A20N at Kolkata on Oct 30th 2019, engine stalled",A20N,VT-ITM,6E-862,Oct 30th 2019,Kolkata,Kolkata,Pune,engine stalled,Incident,"Apr 1, 2020","An Indigo Airbus A320-200N, registration VT-ITM performing flight 6E-862 from Kolkata to Pune (India), was climbing through about 8000 feet out of…"
"Indigo A20N near Kolkata on Oct 24th 2019, engine stall",A20N,VT-IVX,6E-563,Oct 24th 2019,Kolkata,Kolkata,Chennai,engine stall,Incident,"Mar 31, 2020","An Indigo Airbus A320-200N, registration VT-IVX performing flight 6E-563 from Kolkata to Chennai (India), was climbing out of Kolkata when the right…"
"Indigo A20N at Guwahati on Aug 19th 2019, rejected takeoff due to engine stall",A20N,VT-IVO,6E-291,Aug 19th 2019,Guwahati,Guwahati,Kolkata,rejected takeoff due to engine stall,Incident,"Mar 31, 2020","An Indigo Airbus A320-200N, registration VT-IVO performing flight 6E-291 from Guwahati to Kolkata (India), was accelerating for takeoff from Guwahati…"
"Indigo A20N near Varanasi on Sep 8th 2019, engine stall",A20N,VT-IZC,6E-6316,Sep 8th 2019,Varanasi,Hyderabad,Gorakhpur,engine stall,Incident,"Mar 31, 2020","An Indigo Airbus A320-200N, registration VT-IZC performing flight 6E-6316 from Hyderabad to Gorakhpur (India), was enroute at FL370 about 80nm south…"
"Indigo A20N near Goa on Jul 15th 2019, engine problem",A20N,VT-ITU,6E-162,Jul 15th 2019,Goa,Goa,Ahmedabad,engine problem,Incident,"Mar 31, 2020","An Indigo Airbus A320-200N, registration VT-ITU performing flight 6E-162 from Goa to Ahmedabad (India) with 180 people on board, was climbing out of…"
"Indigo A320 at Raipur on Dec 14th 2016, hard landing at +3.164G",A320,VT-IGK,6E-201,Dec 14th 2016,Raipur,Delhi,Raipur,hard landing at +3.164G,Report,"Feb 12, 2020","An Indigo Airbus A320-200, registration VT-IGK performing flight 6E-201 from Delhi to Raipur (India) with 167 passengers and 7 crew, performed an ILS…"
"Indigo A20N at Mumbai on Jan 23rd 2020, engine shut down in flight",A20N,VT-IJD,6E-5384,Jan 23rd 2020,Mumbai,Mumbai,Hyderabad,engine shut down in flight,Incident,"Jan 23, 2020","An Indigo Airbus A320-200N, registration VT-IJD performing flight 6E-5384 from Mumbai to Hyderabad (India) with 95 people on board, was climbing out…"
"Indigo A20N near Mumbai on Jan 16th 2020, engine vibrations",A20N,VT-ITW,6E-6129,Jan 16th 2020,Mumbai,Pune,Jaipur,engine vibrations,Incident,"Jan 16, 2020","An Indigo Airbus A320-200N, registration VT-ITW performing flight 6E-6129 from Pune to Jaipur (India) with 176 people on board, was enroute at FL300…"
"Indigo A20N at Mumbai on Jan 6th 2020, loss of cabin pressure",A20N,VT-ITA,6E-6449,Jan 6th 2020,Mumbai,Bangalore,Mumbai,loss of cabin pressure,Incident,"Jan 6, 2020","An Indigo Airbus A320-200N, registration VT-ITA performing flight 6E-6449 from Bangalore to Mumbai (India), was descending through about FL200…"
"Indigo A20N near Nagpur on Jan 1st 2020, suspected oil leak",A20N,VT-IVS,6E-19,Jan 1st 2020,Nagpur,Mumbai,Singapore,suspected oil leak,Incident,"Jan 2, 2020","An Indigo Airbus A320-200N, registration VT-IVS performing flight 6E-19 from Mumbai (India) to Singapore (Singapore), was enroute at FL350 near…"
"Indigo A20N at Bagdogra on Dec 16th 2019, engine problem",A20N,VT-IZJ,6E-958,Dec 16th 2019,Bagdogra,Bagdogra,Kolkata,engine problem,Incident,"Dec 17, 2019","An Indigo Airbus A320-200N, registration VT-IZJ performing flight 6E-958 from Bagdogra to Kolkata (India) with 180 people on board, was climbing out…"
"Indigo A20N at Mumbai on Dec 5th 2019, engine vibrations",A20N,VT-IVU,6E-236,Dec 5th 2019,Mumbai,Mumbai,Bangalore,engine vibrations,Incident,"Dec 5, 2019","An Indigo Airbus A320-200N, registration VT-IVU performing flight 6E-236 from Mumbai to Bangalore (India), was climbing out of Mumbai's runway 27…"
"Indigo A320 at Chennai on Nov 20th 2019, cargo smoke indication",A320,VT-IKI,6E-892,Nov 20th 2019,Chennai,Coimbatore,Chennai,cargo smoke indication,Incident,"Nov 20, 2019","An Indigo Airbus A320-200, registration VT-IKI performing flight 6E-892 from Coimbatore to Chennai (India) with 168 people on board, was descending…"
"Indigo A20N at Chennai on Nov 1st 2019, cargo smoke indication",A20N,VT-IJJ,6E-1751,Nov 1st 2019,Chennai,Chennai,Kuwait City,cargo smoke indication,Incident,"Nov 2, 2019","An Indigo Airbus A320-200N, registration VT-IJJ performing flight 6E-1751 from Chennai (India) to Kuwait City (Kuwait) with about 160 people on…"
"Indigo A20N near Mumbai on Oct 25th 2019, engine shut down in flight",A20N,VT-ITA,6E-375,Oct 25th 2019,Mumbai,Mumbai,Coimbatore,engine shut down in flight,Incident,"Oct 26, 2019","An Indigo Airbus A320-200, registration VT-ITA performing flight 6E-375 from Mumbai to Coimbatore (India), was climbing through FL330 about 100nm…"
"Indigo A320 at Goa on Sep 29th 2019, engine shut down in flight",A320,VT-IHC,6E-336,Sep 29th 2019,Goa,Goa,Delhi,engine shut down in flight,Incident,"Sep 30, 2019","An Indigo Airbus A320-200, registration VT-IHC performing flight 6E-336 from Goa to Delhi (India) with 180 people on board, was climbing through…"
"Indigo A20N at Mumbai on Sep 27th 2019, engine problem",A20N,VT-IJC,6E-463,Sep 27th 2019,Mumbai,Chandigarh,Mumbai,engine problem,Incident,"Sep 27, 2019","An Indigo Airbus A320-200N, registration VT-IJC performing flight 6E-463 from Chandigarh to Mumbai (India) with 144 people on board, was on approach…"
"Indigo A21N at Chennai on Sep 21st 2019, cargo smoke indication",A21N,VT-IUA,6E-1707,Sep 21st 2019,Chennai,Chennai,Doha,cargo smoke indication,Incident,"Sep 21, 2019","An Indigo Airbus A321-200N, registration VT-IUA performing flight 6E-1707 from Chennai (India) to Doha (Qatar) with 121 people on board, was climbing…"
"Indigo A20N at Hyderabad on Aug 27th 2019, smoke in cockpit",A20N,VT-ITB,6E-6679,Aug 27th 2019,Hyderabad,Delhi,Hyderabad,smoke in cockpit,Incident,"Sep 12, 2019","An Indigo Airbus A320-200N, registration VT-ITB performing flight 6E-6679 from Delhi to Hyderabad (India), was on approach to Hyderabad when the crew…"
"Indigo A20N at Dehra Dun on Jun 29th 2019, engine damage",A20N,VT-ITP,6E-912,Jun 29th 2019,Dehra Dun,Dehra Dun,Bangalore,engine damage,Incident,"Jul 18, 2019","An Indigo Airbus A320-200N, registration VT-ITP performing flight 6E-912 from Dehra Dun to Bangalore (India), was climbing out of Dehra Dun's runway…"
"Indigo A20N at Jaipur on Jun 22nd 2019, engine shut down in flight due to suspected fuel leak",A20N,VT-IVK,6E-998,Jun 22nd 2019,Jaipur,Mumbai,Jaipur,engine shut down in flight due to suspected fuel leak,Incident,"Jun 24, 2019","An Indigo Airbus A320-200N, registration VT-IVK performing flight 6E-998 from Mumbai to Jaipur (India), was descending towards Jaipur when the crew…"
"Indigo A21N at Bangalore on Jun 21st 2019, magnetic chip detector indication",A21N,VT-IUD,6E-2031,Jun 21st 2019,Bangalore,Delhi,Bangalore,magnetic chip detector indication,Incident,"Jun 24, 2019","An Indigo Airbus A321-200N, registration VT-IUD performing flight 6E-2031 from Delhi to Bangalore (India), reached the top of descent into Bangalore…"
"Indigo A20N at Jaipur on Apr 1st 2019, engine stall",A20N,VT-IVB,6E-914,Apr 1st 2019,Jaipur,Jaipur,Hyderabad,engine stall,Incident,"Apr 19, 2019","An Indigo Airbus A320-200N, registration VT-IVB performing flight 6E-914 from Jaipur to Hyderabad (India), was climbing through FL160 out of Jaipur…"
"Indigo A20N at Pune on Apr 2nd 2019, engine problem",A20N,VT-ITG,6E-134,Apr 2nd 2019,Pune,Pune,Nagpur,engine problem,Incident,"Apr 19, 2019","An Indigo Airbus A320-200N, registration VT-ITG performing flight 6E-134 from Pune to Nagpur (India), was climbing through FL180 when the crew…"
"Indigo A20N at Delhi on Apr 9th 2019, engine vibrations",A20N,VT-ITB,6E-155,Apr 9th 2019,Delhi,Delhi,Mumbai,engine vibrations,Incident,"Apr 12, 2019","An Indigo Airbus A320-200N, registration VT-ITB performing flight 6E-155 from Delhi to Mumbai (India), was climbing out of Delhi's runway 09 when the…"
"Indigo A20N at Mumbai on Jan 21st 2017, rejected takeoff due to engine failure",A20N,VT-ITF,6E-248,Jan 21st 2017,Mumbai,Mumbai,Delhi,rejected takeoff due to engine failure,Incident,"Mar 14, 2019","An Indigo Airbus A320-200N, registration VT-ITF performing flight 6E-248 from Mumbai to Delhi (India) with 165 passengers and 6 crew, was…"
"Indigo A20N at Lucknow on Jan 21st 2019, engine vibrations",A20N,VT-ITQ,4E-651,Jan 21st 2019,Lucknow,Lucknow,Jaipur,engine vibrations,Incident,"Feb 27, 2019","An Indigo Airbus A320-200N, registration VT-ITQ performing flight 4E-651 from Lucknow to Jaipur (India), was climbing out of Lucknow when the crew…"
"Indigo A20N at Chennai on Jan 3rd 2019, engine shut down in flight",A20N,VT-ITW,6E-923,Jan 3rd 2019,Chennai,Chennai,Kolkata,engine shut down in flight,Incident,"Feb 27, 2019","An Indigo Airbus A320-200 Neo, registration VT-ITW performing flight 6E-923 from Chennai to Kolkata (India) with 136 people on board, was climbing…"
"Indigo A320 near Yangon on Feb 12th 2019, engine shut down in flight",A320,VT-IHX,6E-75,Feb 12th 2019,Yangon,Bangalore,Bangkok,engine shut down in flight,Incident,"Feb 12, 2019","An Indigo Airbus A320-200, registration VT-IHX performing flight 6E-75 from Bangalore (India) to Bangkok (Thailand) with 129 people on board, was…"
"Indigo A320 near Ahmedabad on Jan 1st 2019, smoke in cockpit and cabin",A320,VT-INY,6E-6373,Jan 1st 2019,Ahmedabad,Delhi,Ahmedabad,smoke in cockpit and cabin,Incident,"Jan 2, 2019","An Indigo Airbus A320-200, registration VT-INY performing flight 6E-6373 from Delhi to Ahmedabad (India), was descending towards Ahmedabad when smoke…"
"Indigo A20N at Port Blair on Dec 23rd 2018, engine problem",A20N,VT-ITE,6E-6616,Dec 23rd 2018,Port Blair,Port Blair,Kolkata,engine problem,Incident,"Dec 27, 2018","An Indigo Airbus A320-200 Neo, registration VT-ITE performing flight 6E-6616 from Port Blair to Kolkata (India), was climbing out of Port Blair when…"
"Indigo A20N at Kolkata on Dec 10th 2018, smoke on board",A20N,VT-ITR,6E-237,Dec 10th 2018,Kolkata,Jaipur,Kolkata,smoke on board,Incident,"Dec 21, 2018","An Indigo Airbus A320-200N, registration VT-ITR performing flight 6E-237 from Jaipur to Kolkata (India) with 136 people on board, was descending…"
"Indigo A320 at Kochi on Nov 12th 2018, hydraulic failure",A320,VT-IHF,6E-6468,Nov 12th 2018,Kochi,Kochi,Hyderabad,hydraulic failure,Incident,"Nov 13, 2018","An Indigo Airbus A320-200, registration VT-IHF performing flight 6E-6468 from Kochi to Hyderabad (India), was climbing out of Kochi when after…"
"Indigo AT72 at Chennai on Nov 4th 2018, engine failure on short final",AT72,VT-IYF,6E-7124,Nov 4th 2018,Chennai,Rajahmundry,Chennai,engine failure on short final,Incident,"Nov 5, 2018","An Indigo Avions de Transport Regional ATR-72-212A, registration VT-IYF performing flight 6E-7124 from Rajahmundry to Chennai (India) with 47…"
"Indigo A20N at Bangalore on Oct 8th 2018, engine shut down in flight",A20N,VT-IVB,6E-452,Oct 8th 2018,Bangalore,Bangalore,Ahmedabad,engine shut down in flight,Incident,"Oct 11, 2018","An Indigo Airbus A320-200N, registration VT-IVB performing flight 6E-452 from Bangalore to Ahmedabad (India) with 170 people on board, was climbin…"
"Indigo A320 at Hyderabad on Oct 9th 2018, rejected takeoff due to runway incursion",A320,,,Oct 9th 2018,Hyderabad,,,rejected takeoff due to runway incursion,,,
"Indigo A320 near Chennai on Sep 22nd 2018, hydraulic failure",A320,VT-INS,6E-3326,Sep 22nd 2018,Chennai,Kolkata,Chennai,hydraulic failure,Incident,"Sep 24, 2018","An Indigo Airbus A320-200, registration VT-INS performing flight 6E-3326 from Kolkata to Chennai (India), was on approach to Chennai when the crew…"
"Indigo A320 at Mumbai on Sep 19th 2018, burst tyre on departure",A320,VT-IHR,6E-361,Sep 19th 2018,Mumbai,Mumbai,Ahmedabad,burst tyre on departure,Incident,"Sep 19, 2018","An Indigo Airbus A320-200, registration VT-IHR performing flight 6E-361 from Mumbai to Ahmedabad (India) with 185 people on board, departed Mumbai's…"
"Indigo A320 near Varanasi on Aug 30th 2018, cargo smoke indication",A320,VT-IHN,6E-832,Aug 30th 2018,Varanasi,Kolkata,Jaipur,cargo smoke indication,Incident,"Sep 1, 2018","An Indigo Airbus A320-200, registration VT-IHN performing flight 6E-832 from Kolkata to Jaipur (India) with 84 passengers, was enroute at FL380 about…"
"Indigo A320 and A20N near Coimbatore on Jul 10th 2018, near collision",A320,VT-IFP,6E-779,Jul 10th 2018,Coimbatore,Coimbatore,Hyderabad,near collision,Incident,"Jul 12, 2018","An Indigo Airbus A320-200, registration VT-IFP performing flight 6E-779 from Coimbatore to Hyderabad (India) with 162 people on board, was climbing…"
"Indigo A320 at Kolkata on Jun 24th 2018, cracked windshield",A320,VT-IDW,6E-345,Jun 24th 2018,Kolkata,Kolkata,Bangalore,cracked windshield,Incident,"Jun 24, 2018","An Indigo Airbus A320-200, registration VT-IDW performing flight 6E-345 from Kolkata to Bangalore (India) with 178 people on board, was climbing out…"
"Indigo A320 at Ahmedabad on Jun 19th 2018, bird strike",A320,VT-IEE,6E-125,Jun 19th 2018,Ahmedabad,Ahmedabad,Kolkata,bird strike,Incident,"Jun 19, 2018","An Indigo Airbus A320-200, registration VT-IEE performing flight 6E-125 from Ahmedabad to Kolkata (India) with 173 people on board, was climbing out…"
"Indigo A320 at Lucknow on May 18th 2018, rejected takeoff due to engine fault",A320,VT-IEI,6E-685,May 18th 2018,Lucknow,Lucknow,Mumbai,rejected takeoff due to engine fault,Incident,"May 18, 2018","An Indigo Airbus A320-200, registration VT-IEI performing flight 6E-685 from Lucknow to Mumbai (India), was accelerating for takeoff when the crew…"
"Indigo A320 near Bhubaneswar on Apr 27th 2017, first officer incapacitated",A320,VT-IAR,6E-725,Apr 27th 2017,Bhubaneswar,Kolkata,Hyderabad,first officer incapacitated,Incident,"May 18, 2018","An Indigo Airbus A320-200, registration VT-IAR performing flight 6E-725 from Kolkata to Hyderabad (India) with 180 passengers and 6 crew, was enroute…"
"Indigo A320 near Mumbai on May 2nd 2018, cargo smoke indication",A320,VT-IHG,6E-61,May 2nd 2018,Mumbai,Mumbai,Dubai,cargo smoke indication,Incident,"May 3, 2018","An Indigo Airbus A320-200, registration VT-IHG performing flight 6E-61 from Mumbai (India) to Dubai (United Arab Emirates) with 178 passengers and 6…"
"Indigo AT72 at Hyderabad on Mar 28th 2018, burst tyres on landing",AT72,VT-IYD,6E-7117,Mar 28th 2018,Hyderabad,Tirupati,Hyderabad,burst tyres on landing,Incident,"Apr 12, 2018","An Indigo Avions de Transport Regional ATR-72-212A, registration VT-IYD performing flight 6E-7117 from Tirupati to Hyderabad (India) with 73…"
"Indigo AT72 at Vijayawada on Mar 28th 2018, tail scrape on landing",AT72,VT-IYA,6E-7204,Mar 28th 2018,Vijayawada,Bangalore,Vijayawada,tail scrape on landing,Incident,"Mar 29, 2018","An Indigo Avions de Transport Regional ATR-72-212A, registration VT-IYA performing flight 6E-7204 from Bangalore to Vijayawada (India), landed on…"
"Indigo A20N at Delhi on Mar 24th 2018, engine magnetic chip detector indication after landing",A20N,VT-ITK,6E-706,Mar 24th 2018,Delhi,Kochi,Delhi,engine magnetic chip detector indication after landing,Incident,"Mar 26, 2018","An Indigo Airbus A320-200N, registration VT-ITK performing flight 6E-706 from Kochi to Delhi (India), touched down on Delhi's runway 27 and rolled…"
"Indigo A20N at Delhi on Mar 18th 2018, engine problem",A20N,VT-ITX,6E-132,Mar 18th 2018,Delhi,Bangalore,Delhi,engine problem,Incident,"Mar 19, 2018","An Indigo Airbus A320-200N, registration VT-ITX performing flight 6E-132 from Bangalore to Delhi (India), concluded a seemingly uneventful flight…"
"Indigo A320 at Hyderabad on Mar 14th 2018, engine problem",A320,VT-IFX,6E-334,Mar 14th 2018,Hyderabad,Hyderabad,Raipur,engine problem,Incident,"Mar 15, 2018","An Indigo Airbus A320-200, registration VT-IFX performing flight 6E-334 from Hyderabad to Raipur (India) with 115 people on board, was climbing out…"
"Indigo A20N at Ahmedabad on Mar 12th 2018, engine shut down in flight",A20N,VT-ITA,6E-244,Mar 12th 2018,Ahmedabad,Ahmedabad,Lucknow,engine shut down in flight,Incident,"Mar 12, 2018","An Indigo Airbus A320-200N, registration VT-ITA performing flight 6E-244 from Ahmedabad to Lucknow (India) with 186 people on board, was climbing out…"
"Indigo A20N at Mumbai on Mar 1st 2018, engine shut down in flight",A20N,VT-ITJ,6E-395,Mar 1st 2018,Mumbai,Mumbai,Kolkata,engine shut down in flight,Incident,"Mar 2, 2018","An Indigo Airbus A320-200N, registration VT-ITJ performing flight 6E-395 from Mumbai to Kolkata (India) with 166 passengers, was in the initial climb…"
"Indigo A20N at Kolkata on Jan 29th 2018, engine issue",A20N,VT-ITO,6E-6616,Jan 29th 2018,Kolkata,Kolkata,Delhi,engine issue,Incident,"Feb 13, 2018","An Indigo Airbus A320-200N, registration VT-ITO performing flight 6E-6616 from Kolkata to Delhi (India) with 174 people on board, was in the initial…"
"Indigo A20N at Mumbai on Jan 9th 2018, engine problem",A20N,VT-ITV,6E-565,Jan 9th 2018,Mumbai,Mumbai,Bangalore,engine problem,Incident,"Jan 10, 2018","An Indigo Airbus A320-200N, registration VT-ITV performing flight 6E-565 from Mumbai to Bangalore (India) with 183 people on board, was climbing out…"
"Indigo A20N at Goa on Dec 31st 2017, engine problem",A20N,VT-ITA,6E-724,Dec 31st 2017,Goa,Goa,Delhi,engine problem,Incident,"Dec 31, 2017","An Indigo Airbus A320-200N, registration VT-ITA performing flight 6E-724 from Goa to Delhi (India) with 186 people on board, was in the initial climb…"
"Indigo A320 at Mumbai on Mar 9th 2013, unreported runway excursion",A320,VT-IEW,6E-433,Mar 9th 2013,Mumbai,Chandigarh,Mumbai,unreported runway excursion,Incident,"Dec 6, 2017","An Indigo Airbus A320-200, registration VT-IEW performing flight 6E-433 from Chandigarh to Mumbai (India) with 143 passengers and 8 crew, landed on…"
"Indigo A320 at Delhi on Nov 22nd 2017, smoke in cockpit",A320,VT-IFU,6E-719,Nov 22nd 2017,Delhi,Delhi,Vishakhapatnam,smoke in cockpit,Incident,"Nov 25, 2017","An Indigo Airbus A320-200, registration VT-IFU performing flight 6E-719 from Delhi to Vishakhapatnam (India) with 170 people on board, was climbing…"
"Indigo A320 at Kolkata on Jul 14th 2015, hard landing at +3.1G",A320,VT-IEO,6E-347,Jul 14th 2015,Kolkata,Ranchi,Kolkata,hard landing at +3.1G,Report,"Nov 20, 2017","An Indigo Airbus A320-200, registration VT-IEO performing flight 6E-347 from Ranchi to Kolkata (India) with 142 passengers and 6 crew, was on…"
"Indigo A320 at Chennai on Nov 16th 2017, bird strike",A320,VT-IEI,6E-1707,Nov 16th 2017,Chennai,Chennai,Doha,bird strike,Incident,"Nov 16, 2017","An Indigo Airbus A320-200, registration VT-IEI performing flight 6E-1707 from Chennai (India) to Doha (Qatar) with 134 passengers and 7 crew,…"
"Indigo A320 at Vishakhapatnam on Nov 12th 2017, aircraft airboarne",A320,VT-IDN,6E-742,Nov 12th 2017,Vishakhapatnam,Vishakhapatnam,Hyderabad,aircraft airboarne,Incident,"Nov 14, 2017","An Indigo Airbus A320-200, registration VT-IDN performing flight 6E-742 from Vishakhapatnam to Hyderabad (India) with 159 people on board, was…"
"Indigo A20N at Goa on Oct 23rd 2017, rejected takeoff due to stray dog",A20N,VT-ITK,6E-468,Oct 23rd 2017,Goa,Goa,Mumbai,rejected takeoff due to stray dog,Incident,"Oct 24, 2017","An Indigo Airlines Airbus A320-200N, registration VT-ITK performing flight 6E-468 from Goa to Mumbai (India), was accelerating for takeoff from Goa's…"
"Indigo A320 at Raipur on Sep 27th 2017, bird strike",A320,VT-IGV,6E-811,Sep 27th 2017,Raipur,Raipur,Kolkata,bird strike,Incident,"Sep 27, 2017","An Indigo Airbus A320-200, registration VT-IGV performing flight 6E-811 from Raipur to Kolkata (India), was climbing out of Raipur's runway 06 when…"
"Indigo A20N at Bhubaneswar on Sep 20th 2017, engine vibrations",A20N,VT-ITF,6E-3869,Sep 20th 2017,Bhubaneswar,Bhubaneswar,Bangalore,engine vibrations,Incident,"Sep 24, 2017","An Indigo Airbus A320-200N, registration VT-ITF performing flight 6E-3869 from Bhubaneswar to Bangalore (India), was in the initial climb out of…"
"Indigo A320 at Raipur on Sep 9th 2017, bird strike",A320,VT-IHD,6E-827,Sep 9th 2017,Raipur,Raipur,Hyderabad,bird strike,Incident,"Sep 9, 2017","An Indigo Airbus A320-200, registration VT-IHD performing flight 6E-827 from Raipur to Hyderabad (India) with 170 people on board, departed Raipur's…"
"Indigo A20N at Vishakhapatnam on Aug 30th 2017, rejected takeoff due to bird strike",A20N,VT-ITF,6E-287,Aug 30th 2017,Vishakhapatnam,Vishakhapatnam,Bangalore,rejected takeoff due to bird strike,Incident,"Aug 30, 2017","An Indigo Airbus A320-200N, registration VT-ITF performing flight 6E-287 from Vishakhapatnam to Bangalore (India) with 178 people on board, was…"
"Indigo A20N near Nagpur on Aug 16th 2017, engine shut down in flight",A20N,VT-ITK,6E-135,Aug 16th 2017,Nagpur,Ahmedabad,Kolkata,engine shut down in flight,Incident,"Aug 17, 2017","An Indigo Airbus A320-200N, registration VT-ITK performing flight 6E-135 from Ahmedabad to Kolkata (India), was enroute at FL290 about 130nm…"
"Indigo A320 at Patna on Jun 30th 2017, rejected takeoff due to engine stall prompts evacuation",A320,,,Jun 30th 2017,Patna,,,rejected takeoff due to engine stall prompts evacuation,,,
"Indigo A320 at Raipur on Apr 9th 2017, bird strike",A320,VT-ITK,6E-252,Apr 9th 2017,Raipur,Raipur,Kolkata,bird strike,Incident,"Apr 9, 2017","An Indigo Airbus A320-200, registration VT-ITK performing flight 6E-252 from Raipur to Kolkata (India), was in the initial climb out of Raipur's…"
"Indigo A320 near Kolkata on Jan 18th 2017, engine shut down in flight",A320,VT-IGS,6E-3645,Jan 18th 2017,Kolkata,Delhi,Dibrugarh,engine shut down in flight,Incident,"Jan 19, 2017","An Indigo Airbus A320-200, registration VT-IGS performing flight 6E-3645 from Delhi to Dibrugarh (India) with 180 passengers and 6 crew, was enroute…"
"Indigo A320 near Chennai on Sep 23rd 2016, Galaxy 2 smoke",A320,VT-IAQ,6E-54,Sep 23rd 2016,Chennai,Singapore,Chennai,Galaxy 2 smoke,Incident,"Sep 23, 2016","An Indigo Airbus A320-200, registration VT-IAQ performing flight 6E-54 from Singapore (Singapore) to Chennai (India), was descending towards Chennai…"
"Indigo A320 at Thiruvananthapuram on Aug 17th 2016, nose wheel steering indication",A320,VT-IGW,6E-933,Aug 17th 2016,Thiruvananthapuram,Mumbai,Thiruvananthapuram,nose wheel steering indication,Incident,"Aug 17, 2016","An Indigo Airbus A320-200, registration VT-IGW performing flight 6E-933 from Mumbai to Thiruvananthapuram (India) with 161 people on board, was…"
"Indigo A320 at Vadodara on May 19th 2016, technical problem",A320,VT-IDR,6E-591,May 19th 2016,Vadodara,Vadodara,Delhi,technical problem,Incident,"May 19, 2016","An Indigo Airbus A320-200, registration VT-IDR performing flight 6E-591 from Vadodara to Delhi (India) with 177 passengers and 6 crew, was climbing…"
"IndiGo A320 at Bangalore on May 11th 2016, hydraulic leak",A320,VT-INR,6E-637,May 11th 2016,Bangalore,Bangalore,Patna,hydraulic leak,Incident,"May 11, 2016","An IndiGo Airbus A320-200, registration VT-INR performing flight 6E-637 from Bangalore to Patna (India) with 154 passengers and 6 crew, was climbing…"
"Indigo A320 at Bangalore on Sep 12th 2013, runway excursion",A320,VT-IGV,6E-125,Sep 12th 2013,Bangalore,Delhi,Bangalore,runway excursion,Incident,"Nov 30, 2015","An Indigo Airbus A320-200, registration VT-IGV performing flight 6E-125 from Delhi to Bangalore (India) with 111 passengers and 6 crew, landed on…"
"Indigo A320 at Ahmedabad on Aug 20th 2015, bird strike",A320,VT-INS,6E-158,Aug 20th 2015,Ahmedabad,Ahmedabad,Delhi,bird strike,Incident,"Aug 20, 2015","An Indigo Airbus A320-200, registration VT-INS performing flight 6E-158 from Ahmedabad to Delhi (India), departed Ahmedabad's runway 23 but received…"
"Indigo A320 at Delhi on Aug 20th 2014, smoke from gear after landing causes evacuation",A320,VT-IFK,6E-176,Aug 20th 2014,Delhi,Mumbai,Delhi,smoke from gear after landing causes evacuation,Accident,"Aug 20, 2014","An Indigo Airbus A320-200, registration VT-IFK performing flight 6E-176 from Mumbai to Delhi (India) with 147 passengers and 6 crew, landed on…"
"Indigo A320 at Kathmandu on Mar 8th 2014, smoke from brakes during roll out",A320,VT-IEU,6E-31,Mar 8th 2014,Kathmandu,Delhi,Kathmandu,smoke from brakes during roll out,Incident,"Mar 8, 2014","An Indigo Airbus A320-200, registration VT-IEU performing flight 6E-31 from Delhi (India) to Kathmandu (Nepal) with 176 passengers and 6 crew, landed…"
"Indigo A320 at Agartala on Mar 20th 2013, bird strike",A320,VT-INQ,6E-236,Mar 20th 2013,Agartala,Agartala,Kolkata,bird strike,Incident,"Mar 22, 2013","An Indigo Airbus A320-200, registration VT-INQ performing flight 6E-236 from Agartala to Kolkata (India) with 177 passengers and 6 crew, was in the…"
"IndiGo A320 at Delhi on Feb 1st 2009, unruly passenger, threat of but no hijack",A320,,6E-334,Feb 1st 2009,Delhi,Goa,Delhi,"unruly passenger, threat of but no hijack",Incident,"Oct 30, 2012","The crew of an IndiGo Airbus A320-200, flight 6E-334 from Goa to Delhi (India), declared emergency reporting an unruly passenger on board while…"
"Indigo A320 at Srinagar on Jun 28th 2012, bird strike",A320,,6E-448,Jun 28th 2012,Srinagar,Srinagar,Mumbai,bird strike,Incident,"Jun 28, 2012","An Indigo Airbus A320-200, flight 6E-448 from Srinagar to Mumbai (India) with 182 people on board, was climbing through about 1500 feet out of…"
"IndiGo A320 at Jammu on Jun 13th 2012, leaking fire suppression system",A320,,6E-551,Jun 13th 2012,Jammu,Srinagar,Jammu,leaking fire suppression system,,"Jun 13, 2012","An IndiGo Airbus A320-200, flight 6E-551 from Srinagar to Jammu (India) with 166 passengers, had just landed at Jammu (India) when smoke was observed…"
"IndiGo A320 near Nagpur on Jun 6th 2012, engine vibrations",A320,VT-INS,6E-308,Jun 6th 2012,Nagpur,Hyderabad,Delhi,engine vibrations,,"Jun 7, 2012","An IndiGo Airbus A320-200, registration VT-INS performing flight 6E-308 from Hyderabad to Delhi (India) with 114 passengers, was enroute near Nagpur…"
"Indigo A320 near Phuket on May 26th 2012, medical emergency",A320,VT-IEG,6E-12,May 26th 2012,Phuket,Singapore,Delhi,medical emergency,,"May 28, 2012","An Indigo Airbus A320-200, registration VT-IEG performing flight 6E-12 from Singapore (Singapore) to Delhi (India), was enroute near Phuket…"
